,logistic,rf
logistic,1.0,0.8787049652972294
rf,0.8787049652972294,1.0
