,logistic,rf
logistic,1.0,0.93771136915816
rf,0.93771136915816,1.0
