split,model,accuracy,log_loss
holdout,ensemble,0.8171641791044776,0.4268436691755233
holdout,logistic,0.8022388059701493,0.49811042038853737
holdout,rf,0.7947761194029851,0.4305317943094084
validation,ensemble,0.746268656716418,0.4983912038515157
validation,logistic,0.75,0.46503393727440756
validation,rf,0.7388059701492538,0.49911580140850414
