,logistic,rf
logistic,1.0,0.9295949197508993
rf,0.9295949197508993,1.0
