,logistic,rf
logistic,1.0,0.9313380320420643
rf,0.9313380320420643,1.0
