,logistic,rf
logistic,1.0,0.9346206051494929
rf,0.9346206051494929,1.0
